addr,ram,category,label,confidence,writes,reads,modules,ops,compared_with,set_to,evidence
7310,FF7310,in-module table (GETABLE),,,0,1,10,GETABLE:1,,,YOU ARE ASSIGNED TO SALVATION STATION FOR SALVAGE DUTY AND M
7318,FF7318,in-module table (GETABLE),,,0,1,10,GETABLE:1,,,ENEMY TRANSPORTS HAVE ARRIVED. TERRINES JUMP OUT AND ENGAGE 
7502,FF7502,in-module table (GETABLE),,,0,1,22,GETABLE:1,,,LANDING...
7507,FF7507,in-module table (GETABLE),,,0,1,22,GETABLE:1,,,LANDING...
750C,FF750C,in-module table (GETABLE),,,0,1,22,GETABLE:1,,,00 CREDITS FROM THE BATTLE.
75E2,FF75E2,in-module table (GETABLE),,,0,1,34,GETABLE:1,,,SCOT PICKS YOU UP.
75FC,FF75FC,in-module table (GETABLE),,,0,1,34,GETABLE:1,,,SCOT PICKS YOU UP.
7616,FF7616,in-module table (GETABLE),,,0,1,34,GETABLE:1,,,SCOT PICKS YOU UP.
7630,FF7630,in-module table (GETABLE),,,0,1,34,GETABLE:1,,,SCOT PICKS YOU UP.
764A,FF764A,in-module table (GETABLE),,,0,9,34,GETABLE:9,,,THIS LEADS TO THE BOARDING TUBE TO YOUR SHIP. DO YOU CONTINU
7664,FF7664,in-module table (GETABLE),,,0,1,34,GETABLE:1,,,
7673,FF7673,in-module table (GETABLE),,,0,1,34,GETABLE:1,,,
7682,FF7682,in-module table (GETABLE),,,0,1,34,GETABLE:1,,,
7691,FF7691,in-module table (GETABLE),,,0,1,34,GETABLE:1,,,
76A0,FF76A0,in-module table (GETABLE),,,0,1,34,GETABLE:1,,,SCOT PICKS YOU UP.
76AB,FF76AB,in-module table (GETABLE),,,0,1,34,GETABLE:1,,,SCOT PICKS YOU UP.
76B6,FF76B6,in-module table (GETABLE),,,0,1,34,GETABLE:1,,,SCOT PICKS YOU UP.
76C1,FF76C1,in-module table (GETABLE),,,0,1,34,GETABLE:1,,,SCOT PICKS YOU UP.
76CC,FF76CC,in-module table (GETABLE),,,0,1,34,GETABLE:1,,,SCOT PICKS YOU UP.
76D7,FF76D7,in-module table (GETABLE),,,0,1,34,GETABLE:1,,,SCOT PICKS YOU UP.
76E2,FF76E2,in-module table (GETABLE),,,0,1,34,GETABLE:1,,,SCOT PICKS YOU UP.
7702,FF7702,in-module table (GETABLE),,,0,1,34,GETABLE:1,,,SCOT PICKS YOU UP.
7722,FF7722,in-module table (GETABLE),,,0,1,34,GETABLE:1,,,SCOT PICKS YOU UP.
7726,FF7726,in-module table (GETABLE),,,0,1,34,GETABLE:1,,,SCOT PICKS YOU UP.
772A,FF772A,in-module table (GETABLE),,,0,1,34,GETABLE:1,,,SCOT PICKS YOU UP.
772F,FF772F,in-module table (GETABLE),,,0,1,34,GETABLE:1,,,SCOT PICKS YOU UP.
7734,FF7734,in-module table (GETABLE),,,0,1,34,GETABLE:1,,,SCOT PICKS YOU UP.
773A,FF773A,in-module table (GETABLE),,,0,1,34,GETABLE:1,,,SCOT PICKS YOU UP.
7741,FF7741,in-module table (GETABLE),,,0,1,34,GETABLE:1,,,SCOT PICKS YOU UP.
7749,FF7749,in-module table (GETABLE),,,0,1,34,GETABLE:1,,,SCOT PICKS YOU UP.
7753,FF7753,in-module table (GETABLE),,,0,1,34,GETABLE:1,,,SCOT PICKS YOU UP.
775B,FF775B,in-module table (GETABLE),,,0,1,34,GETABLE:1,,,SCOT PICKS YOU UP.
7760,FF7760,in-module table (GETABLE),,,0,1,34,GETABLE:1,,,SCOT PICKS YOU UP.
7766,FF7766,in-module table (GETABLE),,,0,1,34,GETABLE:1,,,SCOT PICKS YOU UP.
776E,FF776E,in-module table (GETABLE),,,0,1,34,GETABLE:1,,,SCOT PICKS YOU UP.
7773,FF7773,in-module table (GETABLE),,,0,1,34,GETABLE:1,,,SCOT PICKS YOU UP.
7778,FF7778,in-module table (GETABLE),,,0,1,34,GETABLE:1,,,SCOT PICKS YOU UP.
7786,FF7786,in-module table (GETABLE),,,0,1,34,GETABLE:1,,,IT IS NOT SAFE TO LEAVE THE LADDER.
77A2,FF77A2,in-module table (GETABLE),,,0,1,21,GETABLE:1,,,STAY
77A9,FF77A9,in-module table (GETABLE),,,0,1,21,GETABLE:1,,,STAY
77B0,FF77B0,in-module table (GETABLE),,,0,1,21,GETABLE:1,,,STAY
77B7,FF77B7,in-module table (GETABLE),,,0,1,21,GETABLE:1,,,STAY
77BE,FF77BE,in-module table (GETABLE),,,0,1,21,GETABLE:1,,,STAY
77C5,FF77C5,in-module table (GETABLE),,,0,1,21,GETABLE:1,,,STAY
7A44,FF7A44,in-module table (GETABLE),,,0,1,20,GETABLE:1,,,STAY
7A4A,FF7A4A,in-module table (GETABLE),,,0,1,20,GETABLE:1,,,STAY
7A50,FF7A50,in-module table (GETABLE),,,0,1,20,GETABLE:1,,,STAY
7A57,FF7A57,in-module table (GETABLE),,,0,1,20,GETABLE:1,,,STAY
7A5E,FF7A5E,in-module table (GETABLE),,,0,2,20,GETABLE:2,,,STAY
7A65,FF7A65,in-module table (GETABLE),,,0,2,20,GETABLE:2,,,STAY
7A6C,FF7A6C,in-module table (GETABLE),,,0,2,20,GETABLE:2,,,STAY
7A73,FF7A73,in-module table (GETABLE),,,0,2,20,GETABLE:2,,,STAY
96F6,FF96F6,engine state (position/area),base of the party/game-state block,debug label,0,1,00,SAVETABLE:1,,,"""PARTY PLUS WHAT OFFSET?"" -> SAVETABLE [9E73],[96F6],&9E71"
977F,FF977F,engine state (read-only to ECL),,,0,1,62,SAVE:1,,,YOU TAKE THE CONTROLS AND MANEUVER AS FAR AWAY FROM THE MARI
9780,FF9780,engine state (read-only to ECL),,,0,1,62,SAVE:1,,,YOU TAKE THE CONTROLS AND MANEUVER AS FAR AWAY FROM THE MARI
979B,FF979B,other / open,,,2,2,10 11 22 43,SAVE:2 ONGOTO:1 SUBTRACT:1,,3,THE AUTODOC QUICKLY HEALS THE TEAM.
97A0,FF97A0,story event flag,story event flag:  ATTACKS.,context only,2,0,20 21,SAVE:2,,1,nearest text in the scripts
97A1,FF97A1,other / open,module-start setting,live: no combat effect,20,0,03 10 20 21 22 32 41 42 43 51 52 53 5F 60 61 62 63,SAVE:20,,0 1,set at module start; poke changed nothing in the fight
97AD,FF97AD,combat setup,combat land type,debug label,2,17,01 40 50,COMPARE:13 SAVE:3 INPUTNUMBER:1 ONGOTO:1,0 1 2 3 4 5 6 7 10,8,"debug prompt ""INPUT LANDTYPE BYTE.""; compared with 0-5"
97B4,FF97B4,story event flag,story event flag: YOU TAKE THE CONTROLS AND MANEUVER AS FAR AWAY FROM THE MARI,context only,1,0,62,SAVE:1,,,nearest text in the scripts
97B5,FF97B5,story event flag,story event flag: YOU TAKE THE CONTROLS AND MANEUVER AS FAR AWAY FROM THE MARI,context only,1,0,62,SAVE:1,,,nearest text in the scripts
97B9,FF97B9,other / open,,,4,0,40 50,SAVE:4,,5 14 15 58,'MEET US AT THE BLUE ROCK TO THE NORTH. WE SHALL CREATE A RU
97BA,FF97BA,other / open,,,4,0,40 50,SAVE:4,,27 51 55 56,'MEET US AT THE BLUE ROCK TO THE NORTH. WE SHALL CREATE A RU
97DC,FF97DC,combat setup,area/combat setting (affects targeting in combat),live (1 run),31,0,01 03 10 20 21 22 23 30 32 34 40 41 42 43 50 51 52 53 5F 60 61 62 63,SAVE:31,,0 1 2 8 16 17 64 80 112 130,"set at module start (132 in 0x10); =16 changed the first auto-target, starting slots identical"
97E8,FF97E8,other / open,,,2,40,01 10 11 20 21 22 23 30 31 32 34 40 41 42 43 50 51 52 53 60 61 62 63,COMPARE:40 SAVE:2,1 16 17 32 33 34 35 48 49 50,34 50,'I AM CARLTON TURABIAN. WELCOME TO SALVATION III. WHEN YOU A
97F6,FF97F6,other / open,,,1,2,34,NEWREGION:2 GETABLE:1,,,STAY
97F7,FF97F7,module-local temp / menu choice,,,70,91,00 01 10 11 20 21 22 30 31 32 34 42 52 53 5E 60 61 62 63,ONGOTO:41 HMENU:37 COMPARE:24 OR:14,0 1 2 3 4 5 8,0 1 2 8,CREDITS
97F8,FF97F8,module-local temp / menu choice,,,23,39,01 10 11 20 21 32 34 42 51 52 53 63,OR:16 COMPARE:13 ADD:10 SAVE:8,0 1 2 3 4,0 1 2,INPUT WALLTYPE IN DECIMAL
97F9,FF97F9,module-local temp / menu choice,,,24,26,10 20 30 31 32 34 42 50 52 53 61 62,SAVE:17 COMPARE:15 ADD:6 OR:2,0 1 2 3 5,0 1 2 3,YOU HEAR AN EXPLOSION.
97FA,FF97FA,module-local temp / menu choice,,,30,56,10 20 21 23 32 34 40 41 42 43 50 51 52 61 63,SAVE:19 COMPARE:16 OR:12 COMPAREAND:12,0 1 2 3 7 8 50,0 1 2 3, NEO FORCES COME TO YOUR AID.
97FB,FF97FB,module-local temp / menu choice,,,31,57,10 20 22 23 32 34 40 41 42 43 51 52 60 61 63,COMPARE:23 OR:22 SAVE:11 AND:11,0 1 2 3 4 5 6 8,0 1 2,FROM SOMEWHERE COMES A SNIPER'S BEAM.
97FC,FF97FC,module-local temp / menu choice,,,49,98,10 20 21 23 30 32 34 41 42 43 50 51 52 60 61 62,COMPARE:36 OR:32 SAVE:24 GETABLE:17,0 1 2 3 4 5 9 18,0 1 2 3 4,THE DOOR HAS BEEN FUSED SHUT BY THE BATTLE.
97FD,FF97FD,module-local temp / menu choice,,,31,47,10 20 23 32 34 40 41 42 43 50 52 60 61 62,SAVE:20 COMPARE:20 OR:20 AND:11,0 1 2 3 5,0 1 2 3 14 15,WHO FALLS ON GRENADE?
97FE,FF97FE,module-local temp / menu choice,,,14,17,32 34 40 41 42 50 52 60 61 62,SAVE:13 COMPARE:9 COMPAREAND:6 ADD:2,1 2,0 1,YOU SMASH PANELS AND CONTROLS!
97FF,FF97FF,module-local temp / menu choice,,,21,29,32 34 40 41 42 43 50 51 60 61,ADD:16 COMPARE:15 SAVE:13 COMPAREAND:4,1 3 10,0 1,YOU SMASH PANELS AND CONTROLS!
9800,FF9800,module-local temp / menu choice,,,15,20,32 34 41 50 51 52 60 62,COMPARE:11 SAVE:11 ADD:8 NEWREGION:2,1 2 3 4 5 10 20,0 1,'I'M CAPTAIN ROGERS. YOU CAN CALL ME BUCK. I SAW YOU WERE IN
9801,FF9801,other / open,,,11,12,31 32 34 41 42 51 52 62,SAVE:10 COMPARE:5 NEWREGION:2 COMPAREAND:2,1 5,0 1,YOU RETREAT TO THE STAIRWAY.
9802,FF9802,other / open,,,15,17,30 31 32 34 42 51 52 62,SAVE:9 OR:8 COMPARE:5 ADD:4,0 1 3 4,0 1 2,THE DOCK IS EMPTY.
9803,FF9803,other / open,,,7,6,32 34 42 52 62,SAVE:6 COMPARE:4 ADD:2 COMPAREAND:1,1 3,0 1,TALON IS ON THE BRIDGE WITH HIS PIRATES.
9804,FF9804,other / open,,,10,10,32 34 52 62 63,SAVE:9 COMPARE:6 ADD:2 COMPAREAND:1,0 1 8,0 1,WILL ANYONE TRY TO USE THE COMPUTER?
9805,FF9805,other / open,,,4,10,32 34 52 62,GETABLE:4 COMPARE:3 SAVE:3 COMPAREAND:2,1,1,LEAVE
9806,FF9806,other / open,,,27,25,11 22 30 32 34 52 53 62,GETABLE:21 SAVE:11 COMPARE:8 COMPAREAND:6,0 1 3 6,0 1,'I AM CARLTON TURABIAN. WELCOME TO SALVATION III. WHEN YOU A
9807,FF9807,other / open,,,6,9,11 32 34 53,ADD:6 COMPARE:3 SAVE:2 OR:2,3 4 5,0,'NOW I WILL TURN YOU OVER TO OUR TRAINING STAFF.'
9808,FF9808,other / open,,,12,17,11 31 32 34 53 63,ADD:10 COMPARE:9 SAVE:7 ONGOSUB:1,0 1 2 4,0 1,'NOW I WILL TURN YOU OVER TO OUR TRAINING STAFF.'
9809,FF9809,other / open,,,13,16,11 32 34,OR:10 AND:8 SAVE:7 COMPARE:4,1,1,'I AM CARLTON TURABIAN. WELCOME TO SALVATION III. WHEN YOU A
980A,FF980A,other / open,,,4,6,34 53,SAVE:3 COMPARE:3 SUBTRACT:2 DIVIDE:1,0 1 10,0 1 50,SCOT CALLS. 'TAKE CARE OF THAT SHIP QUICKLY! ANOTHER ONE IS 
980B,FF980B,other / open,,,1,1,34,SAVE:1 SKILL:1,,1,YOU TRY TO FIND SOMEWHERE TO HIDE.
980C,FF980C,other / open,,,1,2,34,SAVE:1 SKILL:1 COMPARE:1,1,3,YOU TRY TO FIND SOMEWHERE TO HIDE.
980D,FF980D,story event flag,story event flag: THE PIRATE CAPTAIN STEPS FORWARD. 'LET'S SETTLE THIS AMICABL,context only,1,1,34,COMPARE:1 SAVE:1,1,1,nearest text in the scripts
980E,FF980E,other / open,,,2,4,63,SAVE:2 COMPARE:2 PRINT:1 SUBTRACT:1,0,0,00 CR
9810,FF9810,other / open,,,2,4,63,SAVE:2 COMPARE:2 PRINT:1 SUBTRACT:1,0,0,00 CR
9812,FF9812,other / open,,,2,4,63,SAVE:2 COMPARE:2 PRINT:1 SUBTRACT:1,0,0,00 CR
9814,FF9814,other / open,,,2,4,63,SAVE:2 COMPARE:2 PRINT:1 SUBTRACT:1,0,0,00 CR
981C,FF981C,story event flag,story event flag: 'YOU ARE CLEARED FOR LAUNCH.',context only,2,2,63,SAVE:2 COMPARE:2,1,0 1,nearest text in the scripts
9822,FF9822,story event flag,story event flag: WHAT WILL THE VARIABLE BE SET TO?,context only,3,1,00,SAVE:3 COMPARE:1,1,0 1,nearest text in the scripts
9823,FF9823,story event flag,story event flag: WHAT WILL THE VARIABLE BE SET TO?,context only,3,1,00 01,SAVE:3 COMPARE:1,2,0 1,nearest text in the scripts
9824,FF9824,story event flag,story event flag: BEYOND THIS HATCHWAY LIES SALVATION'S HEADQUARTERS.,context only,1,3,11 21,COMPARE:3 SAVE:1,0 1,1,nearest text in the scripts
9825,FF9825,other / open,,,15,4,11 22 5F,SAVE:15 PICTURE:2 VIEW:2,,65 74 87 88 89 90,'I AM CARLTON TURABIAN. WELCOME TO SALVATION III. WHEN YOU A
9826,FF9826,other / open,,,1,0,11,SAVE:1,,72,
9827,FF9827,other / open,,,13,25,22 63,COMPARE:23 SAVE:14 SUBTRACT:1,0 1 2 3 4 5 6 7 8 9,0 1 2 3 4 5 6 7 8 9,EXIT
9828,FF9828,story bitfield flags (OR/AND),story bitfield flags: CREW MEMBERS COME BY AND CONGRATULATE YOU.,context only,8,16,11,OR:16 AND:8,,,nearest text in the scripts
982D,FF982D,other / open,,,1,1,5F,ADD:2,,,"YOU HEAR A RUMOR THAT BUCK ROGERS IS A RAM MOLE, PLOTTING TH"
982E,FF982E,story bitfield flags (OR/AND),story bitfield flags: THE MOST DANGEROUS GENNIE CREATED BY RAM IS THE EXPERIMENTAL,context only,16,33,5F 63,OR:32 AND:17,,,nearest text in the scripts
982F,FF982F,story bitfield flags (OR/AND),story bitfield flags: A BARFLY CLAIMS THAT BUCK ROGERS AND WILMA DEERING ARE SECRE,context only,8,15,5F,OR:16 AND:7,,,nearest text in the scripts
9834,FF9834,story event flag,story event flag: THE MOST DANGEROUS GENNIE CREATED BY RAM IS THE EXPERIMENTAL,context only,3,1,5F,SAVE:3 COMPARE:1,4,1 2 3,nearest text in the scripts
9836,FF9836,story bitfield flags (OR/AND),story bitfield flags: YOU FIND ANOTHER WEAK PRISONER HERE. HE THANKS YOU PROFUSELY,context only,6,12,43,OR:12 AND:6,,,nearest text in the scripts
9837,FF9837,story bitfield flags (OR/AND),story bitfield flags: YOU STARTLE THE BASE COMMANDER. HE RETREATS THROUGH THE FAR ,context only,6,12,43,OR:12 AND:6,,,nearest text in the scripts
9838,FF9838,story bitfield flags (OR/AND),story bitfield flags: 'TAKE MR. ROBENO TO THE PAVONIS LIBRARY AND COLLECT HIS DEVI,context only,3,6,11 43,OR:6 AND:3,,,nearest text in the scripts
9840,FF9840,other / open,,,7,39,20 21,GETABLE:18 COMPARE:11 ADD:6 SUBTRACT:6,1 3 4 5 6,2,YOU RECOVER A BIT OF TAPE. DO YOU PLAY IT?
9841,FF9841,story bitfield flags (OR/AND),story bitfield flags: THE AIRLOCK IS SEALED. THE EXTERIOR DAMAGE WARNING IS FLASHI,context only,7,19,20 21,OR:14 AND:12,,,nearest text in the scripts
9842,FF9842,story bitfield flags (OR/AND),story bitfield flags:  YOUR SHIP IS NOWHERE TO BE SEEN.,context only,7,19,20 21,OR:14 AND:12,,,nearest text in the scripts
9843,FF9843,story bitfield flags (OR/AND),story bitfield flags: THIS IS THE ENGINEERING DECK. THE ENGINES ARE SILENT.,context only,7,14,20 21,OR:14 AND:7,,,nearest text in the scripts
9844,FF9844,story bitfield flags (OR/AND),story bitfield flags:  YOUR SHIP IS NOWHERE TO BE SEEN.,context only,10,29,20 21,OR:20 AND:19,,,nearest text in the scripts
9845,FF9845,story bitfield flags (OR/AND),story bitfield flags: NEAR THE CORPSE IS A RECORDER AND A HOLOGRAPHIC PROJECTOR. B,context only,8,17,20 21,OR:16 AND:9,,,nearest text in the scripts
9846,FF9846,other / open,,,6,10,20 21,COMPARE:8 ADD:4 SAVE:4,10 20 30 40,0, YOUR SHIP IS NOWHERE TO BE SEEN.
9847,FF9847,story bitfield flags (OR/AND),story bitfield flags:  YOUR SHIP IS NOWHERE TO BE SEEN.,context only,9,18,20 21,OR:18 AND:9,,,nearest text in the scripts
9848,FF9848,story bitfield flags (OR/AND),"story bitfield flags: ITS MANIPULATING THE CONTROLS, LEARNING TO PILOT.'",context only,6,22,20 21,AND:16 OR:12,,,nearest text in the scripts
9849,FF9849,other / open,,,2,2,20,ADD:2 COMPARE:1 SAVE:1,3,0,STAY
984A,FF984A,other / open,,,3,14,20 21,COMPARE:6 SUBTRACT:4 DIVIDE:2 PRINT:2,0 10,20,THE DECK IS CLEAR OF ECGS AT LAST. YOU RETURN AND FINISH MOD
984C,FF984C,other / open,,,1,4,20,COMPARE:2 ADD:2 ONGOTO:1,0 3,,"ITS MANIPULATING THE CONTROLS, LEARNING TO PILOT.'"
984E,FF984E,story bitfield flags (OR/AND),story bitfield flags: ECGS ATTEMPT TO SEIZE YOUR SHIP.,context only,6,12,23,OR:12 AND:6,,,nearest text in the scripts
984F,FF984F,story bitfield flags (OR/AND),story bitfield flags: ECGS GUARD THIS DOORWAY. BEYOND YOU SEE CRUDE CORRIDORS WITH,context only,4,9,23,OR:8 AND:5,,,nearest text in the scripts
9850,FF9850,other / open,,,5,9,22 23,COMPARE:6 SAVE:3 SUBTRACT:2 INPUTNUMBER:1,0 1 10 99,1 99,LEAVE
9851,FF9851,story bitfield flags (OR/AND),"story bitfield flags: THE COMMANDER SAYS, 'GETTING WARMER, BUT WRONG.' ANOTHER MIN",context only,8,16,43,OR:16 AND:8,,,nearest text in the scripts
9852,FF9852,story bitfield flags (OR/AND),story bitfield flags: COMMUNICATIONS,context only,8,17,43,OR:16 AND:9,,,nearest text in the scripts
9853,FF9853,story bitfield flags (OR/AND),"story bitfield flags: A ROBOT INTONES, 'THIS IS A RESTRICTED AREA. I WILL USE DEAD",context only,8,17,43,OR:16 AND:9,,,nearest text in the scripts
9854,FF9854,other / open,,,3,4,11 22,OR:6 COMPARE:1,7,,'I AM CARLTON TURABIAN. WELCOME TO SALVATION III. WHEN YOU A
9855,FF9855,other / open,,,1,11,11 22 40 42 5E,COMPARE:11 SAVE:1,0 1,1,'THIS SHIP WAS HEADED TO CERES IN THE ASTEROID BELT. I SUGGE
9856,FF9856,story event flag,story event flag: THE AUTODOC QUICKLY HEALS THE TEAM.,context only,3,2,22,SAVE:3 COMPARE:2,1 2,0 1,nearest text in the scripts
9857,FF9857,other / open,,,5,6,22 34,OR:6 AND:2 SAVE:2 COMPARE:1,0,0, CRUISER APPROACHING.
9858,FF9858,story event flag,story event flag:  CRUISER APPROACHING.,context only,3,0,22 34,SAVE:3,,0 1,nearest text in the scripts
9859,FF9859,other / open,,,1,0,11,SAVE:1,,10,
985A,FF985A,story bitfield flags (OR/AND),story bitfield flags: 'TAKE MR. ROBENO TO THE PAVONIS LIBRARY AND COLLECT HIS DEVI,context only,9,18,11 22 63,OR:18 AND:9,,,nearest text in the scripts
985B,FF985B,story bitfield flags (OR/AND),story bitfield flags: 'YOU GUYS HAVE THE GUTS AND DETERMINATION I ADMIRE. EARTH WI,context only,8,22,11 22 63,OR:16 AND:14,,,nearest text in the scripts
985C,FF985C,story bitfield flags (OR/AND),story bitfield flags: 'I AM CARLTON TURABIAN. WELCOME TO SALVATION III. WHEN YOU A,context only,7,15,11 22 5F 63,OR:14 AND:8,,,nearest text in the scripts
985D,FF985D,other / open,,,1,5,5F 63,ONGOTO:2 COMPARE:2 ADD:2,8,,"YOU SEARCH, BUT YOU FIND NOTHING NEW."
985F,FF985F,story event flag,story event flag: A TENSE WARRIOR SALUTES. 'YOU MUST BE THE SPECIALISTS. AS SO,context only,2,3,30 31,COMPARE:3 SAVE:2,1,0,nearest text in the scripts
9860,FF9860,other / open,,,4,4,30 31,ADD:4 COMPARE:2 SAVE:2,7,0,THE DOCK IS EMPTY.
9861,FF9861,story bitfield flags (OR/AND),story bitfield flags: THE KIDS FILE OUT OF THE AIRLOCK.,context only,10,23,30 31,OR:20 AND:13,,,nearest text in the scripts
9862,FF9862,story bitfield flags (OR/AND),story bitfield flags: THE KIDS THANK YOU. ,context only,8,17,30,OR:16 AND:9,,,nearest text in the scripts
9863,FF9863,story bitfield flags (OR/AND),story bitfield flags: THIS WAS THE NERVE CENTER FOR THE EVACUATION. A MAP SHOWS RE,context only,8,16,30,OR:16 AND:8,,,nearest text in the scripts
9864,FF9864,story bitfield flags (OR/AND),"story bitfield flags: AN ESCAPE SHIP IS HERE. A PILOT STATES, 'THIS IS A RELIEF SH",context only,9,23,30 31,OR:18 AND:14,,,nearest text in the scripts
9865,FF9865,story bitfield flags (OR/AND),story bitfield flags: THE ROPE ALLOWS YOU TO CLIMB THE SHAFT. DO YOU?,context only,8,16,31,OR:16 AND:8,,,nearest text in the scripts
9866,FF9866,story bitfield flags (OR/AND),story bitfield flags: JIM'S GRANDFATHER WAVES GOODBYE. ,context only,8,18,30 31,OR:16 AND:10,,,nearest text in the scripts
9867,FF9867,story bitfield flags (OR/AND),story bitfield flags: THIS ROOM IS CLEAN AND NOT RECENTLY USED. A NAME PLATE READS,context only,3,8,31,OR:6 AND:5,,,nearest text in the scripts
986E,FF986E,story event flag,"story event flag: 'I FOUND RECORDS OF A 'GARRITY' THAT JUMPED SHIP ON PALLAS, ",context only,2,1,32,SAVE:2 COMPARE:1,1,1,nearest text in the scripts
986F,FF986F,story event flag,"story event flag: TALON IS HERE, WITH THE LAST OF HIS PIRATES.",context only,1,2,32,COMPARE:2 SAVE:1,1,1,nearest text in the scripts
9870,FF9870,other / open,,,2,2,32,COMPARE:2 SAVE:2,10,10,YOU RETREAT TO THE STAIRWAY.
9875,FF9875,story event flag,story event flag: YOU ARE IDENTIFIED AND GUIDED INTO ONE OF THE DOCKING BAYS.,context only,1,0,22,SAVE:1,,5,nearest text in the scripts
9876,FF9876,other / open,,,2,14,11 22 30 31 32 5E,COMPARE:14 SAVE:2,0 1,1,'TAKE A TUG OUT AND EXPLORE THE DEBRIS IN THE EARTH'S NEAR O
9877,FF9877,other / open,,,1,3,22 30 32 63,COMPARE:3 SAVE:1,0 1,1,EXIT
987A,FF987A,story event flag,story event flag: THE ROBOTS' POWER HAS BEEN CUT OFF.,context only,1,1,30,SAVE:1 COMPARE:1,1,1,nearest text in the scripts
987B,FF987B,story event flag,story event flag: BASE LOCATED...,context only,3,13,22 30 31,COMPARE:13 SAVE:3,1,1,nearest text in the scripts
987C,FF987C,other / open,,,1,3,40,ADD:2 COMPARE:1 ONGOTO:1,3,,RAM HAS TO HAVE DEVELOPED SOME NEW WEAPON TO DO THIS KIND OF
987D,FF987D,other / open,,,1,3,40,ADD:2 COMPARE:1 ONGOTO:1,3,,A HUGE GUARD FORCE IS DESCENDING TO INVESTIGATE. YOU SLIP IN
987E,FF987E,story event flag,story event flag: 'MEET US AT THE BLUE ROCK TO THE NORTH. WE SHALL CREATE A RU,context only,1,5,40 41,COMPARE:5 SAVE:1,1,1,nearest text in the scripts
987F,FF987F,story bitfield flags (OR/AND),"story bitfield flags: THIS ROCK HAS A MYSTERIOUS BLUE HUE, UNIQUE IN THE AREA.",context only,1,3,40,AND:2 OR:2,,,nearest text in the scripts
9893,FF9893,story event flag,story event flag: THE ELEVATOR IS STILL OPERATIONAL. GO DOWN?,context only,1,1,42,COMPARE:1 SAVE:1,1,1,nearest text in the scripts
9894,FF9894,story event flag,"story event flag: APES RUSH TO THE LOCKED CAGES, TRYING TO FREE THE OTHERS.",context only,1,5,42,COMPARE:3 COMPAREAND:2 SAVE:1,1,1,nearest text in the scripts
9895,FF9895,story event flag,"story event flag: APES RUSH TO THE LOCKED CAGES, TRYING TO FREE THE OTHERS.",context only,1,3,42,COMPARE:2 COMPAREAND:1 SAVE:1,0 1,1,nearest text in the scripts
9896,FF9896,story event flag,story event flag:  YOU FIND STUN GRENADES ONCE INTENDED FOR USE AGAINST THE DE,context only,2,2,42,COMPARE:2 SAVE:2,0 2,1 2,nearest text in the scripts
9897,FF9897,story event flag,"story event flag: APES APPROACH, BUT TUSKON SOOTHES THEM AND THEY WANDER AWAY.",context only,2,1,42,SAVE:2 COMPARE:1,1,1,nearest text in the scripts
9898,FF9898,other / open,,,5,11,42,ADD:10 COMPARE:5 COMPAREAND:1,4,,CAGE 4.
9899,FF9899,story bitfield flags (OR/AND),story bitfield flags: CAGE 1.,context only,9,18,42,OR:18 AND:9,,,nearest text in the scripts
989A,FF989A,story event flag,story event flag:  ZANE FOLLOWS HIM.,context only,2,2,50 53,COMPARE:2 SAVE:2,1,1,nearest text in the scripts
989B,FF989B,story event flag,story event flag: LEAVE THE TOWN?,context only,1,4,51,COMPARE:4 SAVE:1,1,1,nearest text in the scripts
989C,FF989C,story event flag,story event flag: RAM WARRIORS SPOT YOU AND ATTACK!,context only,2,7,50 51,COMPARE:6 SAVE:2 COMPAREAND:1,1,1,nearest text in the scripts
989D,FF989D,story event flag,story event flag: YOU SLOWLY BACK AWAY.,context only,1,4,50 51,COMPARE:3 COMPAREAND:1 SAVE:1,0 1,1,nearest text in the scripts
989E,FF989E,story event flag,story event flag: THIS IS A SUPPLY SHED. ,context only,3,5,51,COMPARE:4 SAVE:3 COMPAREAND:1,1 2,1 2 3,nearest text in the scripts
989F,FF989F,story event flag,story event flag: YOU FIND STAINED BONES AND SHEDDED SNAKESKINS.,context only,2,2,53,COMPARE:2 SAVE:2,0 1,1,nearest text in the scripts
98A0,FF98A0,story event flag,"story event flag: YOU FIND A DETONATOR KEYCARD, BUT YOU NEED THE CORRESPONDING",context only,2,3,53,COMPARE:3 SAVE:2,1,1,nearest text in the scripts
98A1,FF98A1,story event flag,story event flag: YOU FIND A SECURITY CARD IN A DRAWER.,context only,1,3,53,COMPARE:3 SAVE:1,1,1,nearest text in the scripts
98A2,FF98A2,story event flag,"story event flag: ACCORDING TO SCOT.DOS, A LOWLANDER VILLAGE LIES BEYOND THE A",context only,1,13,50 52 53,COMPARE:11 COMPAREAND:2 SAVE:1,0 1,1,nearest text in the scripts
98A3,FF98A3,story event flag,story event flag: YOU DISCOVER THE ENTRANCE TO AN UNDERGROUND TUNNEL. WILL YOU,context only,3,2,53,SAVE:3 COMPARE:2,1,1,nearest text in the scripts
98A4,FF98A4,story event flag,story event flag: YOU DISCOVER THE ENTRANCE TO AN UNDERGROUND TUNNEL. WILL YOU,context only,1,2,53,COMPARE:2 SAVE:1,1,1,nearest text in the scripts
98A5,FF98A5,story event flag,story event flag: THE LOWLANDER RUNS AWAY.,context only,4,1,50 53,SAVE:4 COMPARE:1,2,1 2,nearest text in the scripts
98A6,FF98A6,engine state (read-only to ECL),,,0,2,50 53,COMPARE:2,0 1,,YOU'RE SLOGGING THROUGH A SWAMP.
98A7,FF98A7,story event flag,story event flag: YOU'RE AT THE MAIN GATE. ,context only,2,9,51 52,COMPARE:9 SAVE:2,0 1,1,nearest text in the scripts
98A8,FF98A8,story event flag,story event flag: THE DOOR TO THIS STOREROOM HAS BEEN TRAMPLED TO THE GROUND.,context only,2,2,51,SAVE:2 COMPAREAND:1 COMPARE:1,1,1,nearest text in the scripts
98A9,FF98A9,story event flag,story event flag: YOU FIND NOTHING NEW IN THE STOREROOM.,context only,2,1,51,SAVE:2 COMPARE:1,0,1,nearest text in the scripts
98AA,FF98AA,story event flag,"story event flag: DESPITE YOUR WISHES, THE BABY TAGS ALONG AFTER YOU. IT WILL ",context only,1,4,51,COMPARE:4 SAVE:1,1,1,nearest text in the scripts
98AB,FF98AB,story event flag,"story event flag: 'NOW LEAVE, BEFORE YOU ATTRACT ATTENTION,' HE ESCORTS YOU OU",context only,3,8,51,COMPARE:7 SAVE:3 COMPAREAND:1,0 1 2,1 2 3,nearest text in the scripts
98AC,FF98AC,story event flag,story event flag: THE RUINS ARE HERE. RE-ENTER THE RUINS?,context only,2,1,50 52,SAVE:2 COMPARE:1,1,1,nearest text in the scripts
98AD,FF98AD,story event flag,"story event flag: 'PLEASSE HHELP,' THE LEADER SAYS. 'MY MEDICAL KIT CAN SSAVE ",context only,2,7,51 52,COMPARE:5 COMPAREAND:2 SAVE:2,0 1,1,nearest text in the scripts
98AE,FF98AE,story event flag,story event flag: THE TUNNEL ENDS IN A SMALL BARRACK. ,context only,6,17,52,COMPARE:15 SAVE:6 COMPAREAND:2,1 2 3 4,1 2 3 4,nearest text in the scripts
98AF,FF98AF,story event flag,story event flag: BEYOND THIS DOOR LIES A DARK TUNNEL DRIPPING WITH ACID. ENTE,context only,6,12,52 53,COMPARE:10 SAVE:6 COMPAREAND:2,0 1 2 3 4 5,1 2 3 4 5,nearest text in the scripts
98B0,FF98B0,other / open,,,1,9,11 22 52 5E,COMPARE:7 COMPAREAND:2 SAVE:1,0 1,1,"'BE CAREFUL, MARS IS TEEMING WITH RAM AGENTS. BE SURE YOU AR"
98B1,FF98B1,story event flag,story event flag: 'GET THE RETINAL LOCKPICK. THHEN WE'LL FIND THE SSECRET TUNN,context only,1,1,52,COMPARE:1 SAVE:1,1,1,nearest text in the scripts
98B2,FF98B2,story event flag,story event flag: 'THE BASSE ISS IN A MOUNTAIN FAR TO THE SSOUTHWESST. GOOD LU,context only,1,1,51,COMPAREAND:1 SAVE:1,,1,nearest text in the scripts
98B3,FF98B3,story event flag,story event flag: A FEW RAM ASSASSINS DRAW THEIR WEAPONS AND CHARGE YOU. ,context only,2,1,52,SAVE:2 COMPARE:1,1,1,nearest text in the scripts
98B4,FF98B4,story event flag,story event flag: YOU BIND AND GAG THE WARRIORS AND LOCK THEM IN THE CLOSET.,context only,2,2,52,SAVE:2 COMPARE:2,0 2,1 2,nearest text in the scripts
98B5,FF98B5,story event flag,story event flag: ALLOW LEANDER TO JOIN?,context only,2,0,50,SAVE:2,,1,nearest text in the scripts
98B6,FF98B6,story event flag,story event flag: A RAM HIT TEAM SPOTS YOU AND ATTACKS!,context only,1,4,50 51,COMPARE:4 SAVE:1,1,1,nearest text in the scripts
98B7,FF98B7,story event flag,story event flag: BEHIND AN ASSORTMENT OF PRIMITIVE ARTIFACTS YOU FIND SCIENTI,context only,1,1,51,COMPARE:1 SAVE:1,1,1,nearest text in the scripts
98B9,FF98B9,other / open,,,1,4,50,COMPARE:3 ADD:2,13 26 30,,"ACCORDING TO SCOT.DOS, A LOWLANDER VILLAGE LIES BEYOND THE A"
98C2,FF98C2,other / open,,,4,14,61 62,COMPARE:8 SUBTRACT:4 SAVE:2 DIVIDE:2,0 1 10 30 41,31 42,ICI ON PARLE FRANCAIS
98C3,FF98C3,story event flag,story event flag: 'I AM CARLTON TURABIAN. WELCOME TO SALVATION III. WHEN YOU A,context only,1,13,11 22 62,COMPARE:12 COMPAREAND:1 SAVE:1,0 1,1,nearest text in the scripts
98C4,FF98C4,story event flag,story event flag: ICI ON PARLE FRANCAIS,context only,1,7,61 62,COMPARE:7 SAVE:1,1,1,nearest text in the scripts
98C5,FF98C5,other / open,,,2,6,62,COMPARE:3 SUBTRACT:2 SAVE:1 DIVIDE:1,0 10,66,COUNT 
98C6,FF98C6,story event flag,story event flag: YOU ARE USHERED OUT OF THE AUDIENCE CHAMBER.,context only,4,2,61,SAVE:4 COMPARE:2,1,0 1,nearest text in the scripts
98C7,FF98C7,story event flag,story event flag: 8 IS PAINTED ON THE SIDE OF THE CORE.,context only,4,15,61 62,COMPARE:15 SAVE:4,0 1 2 3,1 2 3,nearest text in the scripts
98C8,FF98C8,story event flag,story event flag: ICI ON PARLE FRANCAIS,context only,1,3,61 62,COMPARE:3 SAVE:1,0 1,1,nearest text in the scripts
98C9,FF98C9,story event flag,story event flag: 'STATION ON EMERGENCY STATUS. DESTRUCTION OF WEAPON IN TWO M,context only,2,1,62,SAVE:2 COMPARE:1,1,0 1,nearest text in the scripts
98CA,FF98CA,story event flag,story event flag: YOU DESCEND THE STAIRS.,context only,1,2,62,COMPARE:2 SAVE:1,0 1,1,nearest text in the scripts
98D7,FF98D7,engine state (read-only to ECL),,,0,2,5F,COMPARE:2,0 1,,
98DC,FF98DC,story event flag,credits found after a battle,inferred,10,19,11 22 63,SAVE:21 COMPARE:8,,,"written then printed with ""00 CREDITS FROM THE BATTLE."""
98E8,FF98E8,other / open,,,1,3,31,ADD:2 COMPARE:1 ONGOTO:1,5,,YOU ARE SPOTTED.
98EC,FF98EC,engine state (read-only to ECL),selected / current character index,inferred,0,13,10 11 21 30 32 40 41 42,LOADCHARACTER:10 GETABLE:2 HOWFAR:1,,,"never written by ECL; operand of LOADCHARACTER, HOWFAR, GETABLE"
9909,FF9909,ship state (repair/reload scenes),,,2,1,11 63,SAVE:2 SUBTRACT:1,,2,THE NEO MECHANICS REPAIR YOUR SHIP.
990A,FF990A,ship state (repair/reload scenes),,,2,0,11 63,SAVE:2,,12,NEO TECHNICIANS RELOAD YOUR WEAPONS AND RESTOCK YOUR EXTRA A
990B,FF990B,ship state (repair/reload scenes),,,2,2,11 63,SAVE:2 SUBTRACT:1 COMPARE:1,5,5,NEO TECHNICIANS RELOAD YOUR WEAPONS AND RESTOCK YOUR EXTRA A
990E,FF990E,ship state (repair/reload scenes),,,2,1,11 63,SAVE:2 SUBTRACT:1,,2,THE NEO MECHANICS REPAIR YOUR SHIP.
990F,FF990F,ship state (repair/reload scenes),,,2,0,11 63,SAVE:2,,8,NEO TECHNICIANS RELOAD YOUR WEAPONS AND RESTOCK YOUR EXTRA A
9910,FF9910,ship state (repair/reload scenes),,,2,2,11 63,SAVE:2 SUBTRACT:1 COMPARE:1,7,7,NEO TECHNICIANS RELOAD YOUR WEAPONS AND RESTOCK YOUR EXTRA A
9913,FF9913,ship state (repair/reload scenes),,,2,1,11 63,SAVE:2 SUBTRACT:1,,5,THE NEO MECHANICS REPAIR YOUR SHIP.
991A,FF991A,ship state (repair/reload scenes),,,2,1,11 63,SAVE:3,,,THE NEO MECHANICS REPAIR YOUR SHIP.
991C,FF991C,ship state (repair/reload scenes),,,2,1,11 63,SAVE:3,,,THE NEO MECHANICS REPAIR YOUR SHIP.
9920,FF9920,ship state (repair/reload scenes),,,2,1,11 63,SAVE:3,,,THE NEO MECHANICS REPAIR YOUR SHIP.
9924,FF9924,engine state (read-only to ECL),,,0,3,22 34,MULTIPLY:2 GETABLE:1,,,00 CREDITS FROM THE BATTLE.
9927,FF9927,engine state (read-only to ECL),,,0,3,22,COMPARE:3,255,,FLEE
9928,FF9928,engine state (read-only to ECL),,,0,1,22,SAVE:1,,, CRUISER APPROACHING.
9929,FF9929,engine state (read-only to ECL),,,0,1,22,SAVE:1,,, CRUISER APPROACHING.
992A,FF992A,engine state (read-only to ECL),,,0,1,22,SAVE:1,,, CRUISER APPROACHING.
992B,FF992B,engine state (read-only to ECL),,,0,1,22,SAVE:1,,, CRUISER APPROACHING.
9AF6,FF9AF6,engine state (position/area),party Y position,verified live,64,11,00 03 10 11 20 21 23 30 32 34 41 42 43 51 52 53 5F 60 61 62 63,SAVE:62 COMPAREAND:6 GETABLE:3 COMPARE:2,7 11,0 2 3 4 5 6 7 8 9 10,"+1 per square walked south (6..11 on the opening map); debug prompt ""Y POSITION:"""
9AF7,FF9AF7,engine state (position/area),party X position,debug label,64,14,00 03 10 11 20 21 23 30 32 34 41 42 43 51 52 53 5F 60 61 62 63,SAVE:62 COMPAREAND:7 COMPARE:4 GETABLE:3,9 11 12 14,0 1 2 3 4 5 6 7 8 9,"debug prompt ""X POSITION:""; scripts set it to teleport"
9AF9,FF9AF9,engine state (position/area),current-square attribute byte,verified live (partly),0,48,10 11 20 21 23 30 31 32 34 41 42 43 51 52 53 60 61 62 63,AND:32 COMPAREAND:10 COMPARE:6,127 128 135 140 158 161,,"0x1A on square (5,7), 0 elsewhere; never written by ECL; scripts AND it with masks, compare 127/128/..."
9AFA,FF9AFA,engine state (position/area),party facing (0-3),verified live,85,134,00 03 10 11 20 21 23 30 31 32 34 41 42 43 51 52 53 5F 60 61 62 63,SAVE:83 COMPAREAND:79 COMPARE:51 ADDFIGURE:2,0 1 2 3,0 1 2 3,"changed 3->2 when turning south; debug prompt ""FACING:"""
9B12,FF9B12,engine state (read-only to ECL),,,0,2,20,COMPARE:2,1,,'S HEARTBEAT. 
9B2A,FF9B2A,engine state (read-only to ECL),,,0,9,10 11 21 22 30 32 41 42,SAVE:8 COMPARE:1,,,"ROBBED OF AIR SUPERIORITY, THE RAM ATTACK IS QUICKLY BEATEN "
9B48,FF9B48,engine state (read-only to ECL),,,0,1,11,AND:1,,,BUCK ROGERS
9B4F,FF9B4F,story event flag,story event flag: 'S LEG ITCHES FOR A MOMENT.,context only,3,6,20 21,COMPAREAND:4 SAVE:3 COMPARE:2,0,0,nearest text in the scripts
9B9E,FF9B9E,engine state (read-only to ECL),,,0,1,5F,COMPAREAND:1,,,'IF A SCOUT CRUISER MAKES A 'WOOP-WOOP' SOUND ON YOUR SCANNE
9BBF,FF9BBF,story event flag,story event flag: BUCK LEAVES BEFORE YOU REACH SALVATION.,context only,1,0,32,SAVE:1,,1,nearest text in the scripts
9BCB,FF9BCB,other / open,module-start setting (0/32/96),live: no combat effect,26,0,10 11 20 21 22 23 30 31 32 34 42 43 50 51 52 53 60 61 62 63,SAVE:26,,0 32 96,set at module start in 13 modules; poke changed nothing in the fight
9BF6,FF9BF6,other / open,,,15,37,10 11 20 21 22 30 32 40 41 42 50 51 52 5F,COMPARE:22 SAVE:15 AND:14 COMPAREAND:1,1,1 135,WHO SHOOTS?
9BF7,FF9BF7,other / open,,,5,10,00 20 21 32 40 42 50 51 52,AND:10 SAVE:5,,1 128,BUCK ROGERS
9C04,FF9C04,other / open,,,8,1,10 11 21 22 30 32 41 42,SAVE:8 COMPARE:1,,,"ROBBED OF AIR SUPERIORITY, THE RAM ATTACK IS QUICKLY BEATEN "
9D9E,FF9D9E,other / open,,,3,0,00 11 63,SAVE:3,,127,WHAT WILL THE VARIABLE BE SET TO?
9DA7,FF9DA7,engine state (read-only to ECL),,,0,8,10 20 21 30 60,SAVE:8,,,WHO FALLS ON GRENADE?
9DB6,FF9DB6,story event flag,story event flag:  ATTACKS.,context only,2,0,20 21,SAVE:2,,0,nearest text in the scripts
9DB8,FF9DB8,story event flag,story event flag:  ATTACKS.,context only,2,0,20 21,SAVE:2,,,nearest text in the scripts
9DB9,FF9DB9,story event flag,story event flag:  ATTACKS.,context only,2,0,20 21,SAVE:2,,,nearest text in the scripts
9DBC,FF9DBC,other / open,per-step value 0-100 (encounter chance?),live: no combat effect,16,0,10 20 21 30 31 40 41 51 52 60 63,SAVE:16,,0 60 80 90 100,set in step handlers; poke before fight 1 changed nothing
9DBD,FF9DBD,engine state (read-only to ECL),combat result / state (128 tested),inferred,0,11,10 20 30 31 32 5F 62,COMPARE:11,128,,"never written by ECL; COMPARE x,128 right after fights in 7 modules"
9DBF,FF9DBF,other / open,push-back / blocked-move flag?,live: no combat effect,63,0,10 11 20 21 23 30 31 32 34 41 42 43 51 52 53 60 61 62 63,SAVE:63,,255,"set to 255 after ""DOORS SEALED""/""FUSED SHUT"" then EXIT; poke changed nothing in the fight"
9DC1,FF9DC1,combat setup,"SURPRISE: 1 = party surprised, 2 = enemies surprised",verified live,12,0,10 30 31 32 34 40 41 50 52 60,SAVE:12,,1 2,"poke before fight 1: =1 Terrines fire first (party hit at f625, before any party action); =2 enemies lose their first round (first party damage f4261 vs f1597)"
9E08,FF9E08,engine state (position/area),CURDISK (current disk/region),debug label,27,1,00 11 21 22 30 32 34 43 50 5E 5F 60 62,SAVE:26 INPUTNUMBER:1 PRINT:1,,1 2 3 4 5 6,"debug prompt ""WHAT DO YOU WANT TO SET CURDISK TO?""; set 1-6 before module changes"
9E35,FF9E35,engine state (read-only to ECL),,,0,7,20 21 23 34 61 62,COMPARE:7,0,,.
9E63,FF9E63,other / open,,,11,1,00 11 63,SAVE:11 DIVIDE:1,,16 32 64,WHAT WILL THE VARIABLE BE SET TO?
9E6F,FF9E6F,scratch register (all modules),scratch,verified live,680,423,00 01 10 11 20 21 22 23 30 31 32 34 40 41 42 43 50 51 52 53 5F 60 61 62 63,AND:385 COMPARE:131 ONGOTO:111 SAVE:111,0 1 2 3 4 5 6 7 8 9,0 1 2 3 4 6 7 9 10 12,"[9E70] 8 -> 4 one C-press before the first fight, [9E6F] = 7 NEO; reused as menu/loop temps everywhere"
9E70,FF9E70,scratch register (all modules),scratch,verified live,112,146,00 01 10 11 20 21 22 30 31 32 34 40 41 42 43 50 51 52 53 60 61 62 63,SAVE:52 SKILL:41 COMPARE:37 ADD:36,0 1 2 3 5 7 8 10 20 30,0 1 2 3,"[9E70] 8 -> 4 one C-press before the first fight, [9E6F] = 7 NEO; reused as menu/loop temps everywhere"
9E71,FF9E71,scratch register (all modules),scratch,static,68,83,00 01 10 11 20 21 22 30 31 32 34 40 41 42 50 51 52 53 60 61 62 63,SAVE:36 COMPARE:24 SKILL:19 ADD:17,1 2 4 25 256,0 1 2 3,"[9E70] 8 -> 4 one C-press before the first fight, [9E6F] = 7 NEO; reused as menu/loop temps everywhere"
9E72,FF9E72,scratch register (all modules),,,20,31,00 01 20 21 23 30 32 34 42 53 63,COMPARE:13 SAVE:7 LOADMONSTER:4 LOADCHARACTER:4,0 1 2 5 7 16 45 90,0 1 24 90," (1-16, 0=EXIT)"
9E73,FF9E73,scratch register (all modules),,,12,17,00 01 20 21 22 30 31 34 63,LOADMONSTER:6 GETABLE:5 ADD:4 NEWREGION:3,0 45,,WHAT WILL THE VARIABLE BE SET TO?
9E74,FF9E74,scratch register (all modules),,,20,15,01 22 30 31 34 52 63,SAVE:8 LOADMONSTER:5 COMPARE:4 MULTIPLY:4,0 1,0 1 3 5 7 10,INPUT LANDTYPE BYTE.
9E75,FF9E75,scratch register (all modules),,,23,20,01 22 30 31 34 63,SAVE:9 SUBTRACT:6 ADD:6 LOADMONSTER:5,0,0 1 100 300 1000,WHAT MONSTER?
9E76,FF9E76,scratch register (all modules),,,13,14,01 22 31 34,SETUPMONSTERS:11 GETABLE:10 MULTIPLY:2 ADD:2,,,WHAT COMPIC?
9E77,FF9E77,scratch register (all modules),,,4,17,01 34 63,ADD:9 SAVE:7 MULTIPLY:2 INPUTNUMBER:1,0,0,INPUT LANDTYPE BYTE.
9E78,FF9E78,combat setup,combat option 0-15 (0 = normal),debug label,11,5,01 30 31 63,SAVE:10 COMPARE:4 INPUTNUMBER:1 SETUPMONSTERS:1,0 15,0 1,"debug prompt ""(0-15, 0 = NORMAL)""; 4th operand of SETUPMONSTERS"
9EEC,FF9EEC,story event flag,story event flag: WHAT WILL THE VARIABLE BE SET TO?,context only,11,0,00 11 63,SAVE:11,,1,nearest text in the scripts
